GPA,Coding_Score,Interview_Attitude,Outcome
2.749080237694725,96,5,0
3.9014286128198323,61,2,0
3.46398788362281,65,3,0
3.197316968394073,73,2,0
2.312037280884873,68,4,0
2.3119890406724055,57,2,0
2.116167224336399,80,1,0
3.73235229154987,70,3,0
3.2022300234864174,66,2,0
3.416145155592091,72,4,0
2.041168988591605,86,4,0
3.9398197043239884,65,2,0
3.6648852816008435,55,4,0
2.4246782213565523,57,5,0
2.3636499344142012,74,5,0
2.3668090197068676,67,5,0
2.6084844859190754,74,1,0
3.049512863264476,61,2,0
2.8638900372842313,64,1,0
2.582458280396084,75,4,0
3.223705789444759,90,1,0
2.278987721304084,94,4,0
2.5842892970704363,75,4,0
2.7327236865873834,96,3,0
2.912139968434072,81,5,0
3.570351922786027,59,4,0
2.3993475643167193,65,3,0
3.0284688768272234,56,5,0
3.184829137724085,66,4,0
2.0929008254399957,72,4,0
3.2150897038028767,75,1,0
2.341048247374583,70,1,0
2.130103185970559,71,5,0
3.8977710745066663,56,4,0
3.9312640661491187,63,2,0
3.6167946962329225,64,1,0
2.609227538346741,56,5,0
2.1953442280127677,58,4,0
3.3684660530243136,100,4,1
2.8803049874792026,97,2,0
2.2440764696895577,57,5,0
2.9903538202225404,99,4,0
2.068777042230437,72,1,0
3.818640804157564,78,2,0
2.517559963200034,67,5,0
3.325044568707964,80,2,0
2.623422152178822,79,1,0
3.0401360423556216,88,5,1
3.0934205586865593,84,2,0
2.3697089110510543,67,3,0
3.939169255529117,91,1,0
3.550265646722229,88,1,0
3.8789978831283785,66,1,0
3.789654700855298,63,3,0
3.19579995762217,80,3,0
3.8437484700462337,73,4,0
2.176985004103839,84,2,0
2.3919657248382906,93,4,0
2.090454577821076,94,2,0
2.650660661526529,83,3,0
2.7773545793789642,52,3,0
2.5426980635477916,86,4,0
3.6574750183038587,92,5,1
2.713506653387179,89,4,0
2.5618690193747615,75,2,0
3.085392166316497,72,4,0
2.2818484499495253,93,1,0
3.6043939615080793,88,2,0
2.1491012873595414,64,2,0
3.9737738732010346,98,5,1
3.544489538593315,53,3,0
2.397431363068345,78,2,0
2.011044234247205,71,3,0
3.6309228569096685,74,4,0
3.4137146876952342,62,1,0
3.4580143360819746,67,5,0
3.5425406933718913,82,3,0
2.148089303468181,65,2,0
2.7169314570885454,94,3,0
2.2317381190502594,91,2,0
3.7262068517511873,93,3,0
3.246596253655116,51,2,0
2.6617960497052984,84,4,0
2.1271167005720475,91,2,0
2.6219646434313244,83,2,0
2.650366644053494,79,1,0
3.459212356676128,62,2,0
3.2751149427104265,62,1,0
3.774425485152653,67,5,0
2.944429850323899,81,1,0
2.2391884918766034,81,4,0
3.42648957444599,84,1,0
3.521570097233795,88,5,1
3.1225543951389927,95,4,1
3.541934359909122,78,3,0
2.9875911927287815,98,3,0
3.0454656587639883,78,1,0
2.855082036717099,93,1,0
2.05083825348819,65,5,0
2.215782853986609,93,5,0
2.0628583713734683,96,2,0
3.272820822527561,59,5,0
2.6287119621526536,79,2,0
3.0171413823294055,74,4,0
3.8151329478521863,88,1,0
2.49858445829775,69,4,0
2.8207658460712595,54,5,0
3.5111022770860973,50,4,0
2.457596330983245,79,4,0
2.1539598196575858,98,4,0
2.5795029058275363,52,5,0
2.322442574508009,94,4,0
3.859395304685146,63,2,0
3.616240759128834,79,5,1
3.266807513020847,99,4,1
3.7429211803754354,53,5,0
3.6073441537982287,67,3,0
2.3731401177720715,86,2,0
3.7851179969799555,74,4,0
3.078684483831301,97,3,0
3.6148803103281253,50,3,0
3.7921825998469867,95,5,1
2.6360069499437278,64,3,0
2.2201038490553535,58,2,0
2.4558703250838834,64,2,0
2.8542155772525124,98,1,0
3.6360295318449865,73,2,0
3.721461166512687,53,3,0
2.0139042610623816,61,2,0
3.0214946051551315,86,5,1
2.834822006297558,86,1,0
2.4442156209414607,92,3,0
2.239730734667366,55,1,0
2.675230342807256,88,3,0
3.8858194078250383,95,5,1
2.6464058640415105,73,1,0
3.0375812434867324,60,4,0
3.4060379177903557,62,3,0
2.727259204758588,83,4,0
3.9435641654419213,74,1,0
3.9248945898842225,56,4,0
2.5035645916507283,53,4,0
2.994497011784771,57,1,0
2.601756619633539,69,5,0
2.5696809887549352,78,4,0
2.0737738947090656,100,4,0
3.2191286679597937,94,5,1
3.005358046457723,95,4,1
2.1029575024999785,59,4,0
2.557292928473223,92,4,0
3.8165317719333074,83,2,0
2.4791237813339446,75,5,0
2.289789744182446,90,4,0
2.9789055205551263,98,5,0
3.9713009082212016,52,3,0
2.484110543023001,55,3,0
3.344271094811757,54,4,0
3.523239230657435,54,5,0
2.4752750879847993,96,5,0
3.456432697223719,72,5,0
2.7355662654385062,98,2,0
3.2646116611871587,58,3,0
3.2670594215217896,84,5,1
3.071549368149517,69,5,0
2.1805795401088166,98,2,0
3.670604991178476,91,2,0
2.6415601299434717,84,5,0
2.3730370207997087,99,1,0
2.081550283109528,67,5,0
3.181785886376484,66,5,0
3.355128723684565,73,2,0
2.033175657855712,52,2,0
3.024186116598562,81,5,1
2.452991550395876,84,5,0
3.2903455808189,87,5,1
2.348732858009983,62,2,0
3.381875476204932,96,5,1
2.773470692601075,74,5,0
3.873459977473469,58,4,0
2.2750418882919865,53,1,0
2.682132702100517,63,3,0
2.226947042481178,86,1,0
3.8493872365571256,83,4,1
3.754678706761962,60,3,0
2.515883255430311,90,5,0
3.319968092068358,52,4,0
3.6344444004024314,77,5,1
3.110401623198925,78,2,0
3.0593011567120127,58,4,0
2.4837045818009034,52,2,0
2.1862055356117986,74,4,0
3.7944315159066537,83,4,1
3.800836114326661,61,2,0
3.266202914546536,91,3,0
2.6780595820974016,58,1,0
2.698419149225322,64,5,0
3.451911357740479,89,4,1
3.794220519905154,74,5,0
3.7741728485302346,54,2,0
3.5597510917152477,60,5,0
3.2840632923085753,83,2,0
2.1682799299900974,73,5,0
2.3232574281892275,64,1,0
3.7971083770541583,87,1,0
3.21285811931918,57,1,0
2.018394103233259,54,1,0
2.2029430857320644,97,1,0
3.3270035382161116,75,1,0
2.0101231676924374,67,2,0
2.321616102834997,55,4,0
3.0974675787331725,86,5,1
3.3837903953853865,97,1,0
3.303922519005201,62,2,0
2.44853861892112,77,2,0
3.4243584426950715,54,2,0
2.4744981749936,62,4,0
2.6507993963185355,66,5,0
3.4929828102360485,99,4,1
3.2992657980944293,89,3,0
3.698446820988356,94,2,0
3.3152257846006865,81,3,0
3.1366172066709432,78,1,0
2.187349535656185,100,1,0
2.7354316061188673,52,4,0
2.530404735363451,89,5,0
2.487979286758167,83,3,0
3.9460211095048914,89,5,1
2.786195449333521,76,4,0
3.7840931103542266,62,1,0
3.262277251994526,94,5,1
3.589622607083297,82,5,1
3.005274186210384,55,1,0
3.153807769252718,73,3,0
2.985035387637728,68,1,0
2.390485975596089,65,5,0
3.4449042305230106,89,3,0
2.5615447248817116,77,3,0
2.0486319328629077,82,1,0
3.290944591814336,97,5,1
2.354221358814098,90,4,0
3.8809171687058286,62,5,0
3.9078571540051747,92,2,0
3.829728780440897,94,4,1
2.7403174005108886,74,3,0
2.030913233057735,91,4,0
3.8566371251754505,85,3,0
2.8563682966346287,76,3,0
3.933309638087339,87,4,1
3.9272399541785057,56,3,0
3.70601891093472,54,3,0
2.5888977841391716,92,2,0
2.7701954572038505,94,5,0
3.702273343033714,100,5,1
2.633844010312555,80,2,0
2.338985493372185,72,4,0
3.1136025249167005,91,1,0
3.872309548321562,59,1,0
3.392059593349946,81,1,0
3.14012234017873,92,2,0
2.194352987541537,79,2,0
3.2300144533983395,88,3,0
3.9801077002085266,80,1,0
2.280168030473048,67,4,0
3.0366593047274737,85,4,1
3.754746143855911,51,1,0
3.4815372355084087,63,1,0
3.394031481990536,62,1,0
3.4049681679742188,78,2,0
2.7189823024395103,61,2,0
2.5871836885289867,88,2,0
3.6187223109570272,51,5,0
3.6202267893583615,81,4,1
3.7341446371602074,62,4,0
3.8264811051129426,95,3,0
3.0226847977218756,76,2,0
3.003032589374399,98,5,1
3.5965903579335503,90,5,1
3.2999278615555303,66,4,0
3.403933754515407,89,2,0
3.591585338872202,80,3,0
3.7800106836351324,83,2,0
2.6759903137030716,73,1,0
2.751165905279888,94,2,0
2.187963879681738,84,1,0
3.156560281992348,97,1,0
2.071884547593484,55,3,0
2.9311960362649203,68,4,0
3.0852892694151532,79,2,0
2.573082504256569,56,1,0
3.1816665211380215,59,2,0
2.061000499878099,90,4,0
2.074696377498429,81,4,0
3.6452011213193165,83,5,1
2.720381282822526,77,4,0
2.2541210253037693,64,3,0
3.0444865201096087,79,1,0
3.5399871061972217,86,5,1
2.431642054993686,78,3,0
3.2457809516380003,71,2,0
2.170694929987536,53,1,0
2.1033634423372156,69,4,0
3.0627092631362958,81,1,0
3.081270243220213,85,2,0
3.274859802996413,99,5,1
3.452182667445323,53,5,0
3.951704158925069,76,5,1
3.0326006966023904,66,4,0
2.645912945882492,61,3,0
3.590372389537407,71,3,0
2.5416645025241484,66,1,0
2.877942841411272,59,4,0
2.1569127626845317,50,5,0
2.0507014868309152,71,5,0
3.92529682935585,75,2,0
3.6719602410244114,67,2,0
3.391948412187396,99,5,1
2.8179058888285398,63,5,0
2.3465886401416913,96,4,0
2.3128740853421723,78,3,0
2.5004857963291904,61,2,0
3.0984533294122407,85,3,0
3.4291918454001244,84,4,1
3.3203947534354628,61,5,0
2.5598677938918857,56,3,0
3.909730561326388,78,5,1
3.475793833391537,60,5,0
3.108708105022801,82,1,0
3.2234414924687043,55,3,0
2.83920012485558,96,3,0
2.495461979002315,64,5,0
2.711945357302523,81,4,0
3.515692220928738,100,1,0
2.0287869772595117,60,5,0
2.2321452810138327,72,2,0
2.0920052840435055,75,2,0
2.08145760463794,83,1,0
3.7109211680220144,95,4,1
3.4073157187600476,83,5,1
2.9483476581746504,78,3,0
2.195668321302003,53,1,0
2.9832317502336645,66,4,0
2.946943541561131,84,3,0
2.3464037398200306,62,2,0
2.867703298475946,90,2,0
2.797009468794747,88,3,0
3.231700196104433,64,1,0
3.2701873017352874,78,2,0
2.090608019544089,78,5,0
2.7492252292529424,60,3,0
3.2517198314284728,81,3,0
3.006272517160175,51,2,0
3.7129796823766448,96,1,0
3.3173872632378902,63,5,0
2.3258688541628594,69,1,0
2.1411374948008595,71,4,0
3.2848385564126312,60,4,0
2.053022621083244,76,2,0
3.1715511625469266,52,2,0
3.880460482849915,66,2,0
3.150948355751758,93,4,1
2.776339852413044,77,1,0
3.2865764368847064,78,1,0
2.9165057809830333,70,2,0
3.09123357863187,96,5,1
3.8829296175530503,65,1,0
2.7722052756015483,86,4,0
3.9223811276478284,69,3,0
3.8107012839121275,55,3,0
2.391582269578593,68,3,0
2.138722601750331,54,5,0
2.2015560027548533,52,2,0
2.0364436513030997,50,4,0
2.188885921511857,87,5,0
3.366013546832714,64,4,0
2.1423772969204578,83,4,0
2.6379512605875224,84,2,0
3.6897506219389093,98,3,0
2.046543871471652,74,2,0
3.6289369651778713,73,5,0
2.5637095495468,61,5,0
2.2363296552433125,67,5,0
3.393474330728301,64,2,0
3.2578856935597678,93,4,1
3.7549440270541057,65,4,0
3.4701420876077718,76,1,0
3.6069618607696974,57,5,0
2.564069145142613,95,4,0
2.3548790875594454,74,1,0
3.5012295032817167,66,4,0
3.6136694785345282,78,5,1
3.9810102840013464,57,3,0
2.825235353822853,64,5,0
2.7440361715855666,76,2,0
3.5528259214839935,95,4,1
2.6816070805060357,99,4,0
3.8615146512071297,56,2,0
3.7168255036860236,52,2,0
2.8579880547500367,78,3,0
3.5017421355829947,93,4,1
3.5090857481693645,73,4,0
2.206247737671865,52,3,0
3.805105813359133,69,1,0
3.010504744895714,95,3,0
3.6529149322154835,64,5,0
2.6400992020612235,74,4,0
3.791046456992401,79,2,0
2.778403357468326,63,5,0
2.0216753029605967,56,4,0
3.8107639528385273,66,3,0
2.182573353572267,93,5,0
2.6386272751808297,69,4,0
3.90012393410161,85,1,0
3.901214293875112,58,1,0
3.1468757762465724,87,2,0
3.2636744243395985,97,4,1
2.8968910439566393,71,1,0
2.586421543396129,51,3,0
2.657329090739832,73,4,0
3.345036912154077,57,3,0
3.50474905887536,60,3,0
3.583158087451697,62,1,0
3.579236285589108,66,4,0
2.1824122060973807,57,5,0
2.988840609405163,70,1,0
2.1151175200332886,67,1,0
3.099057764647471,79,4,1
2.883061002746754,67,4,0
3.7754083655165998,95,3,0
2.701830025104157,96,4,0
2.234134032855212,80,3,0
2.2859833641056717,87,1,0
3.5230212634349445,81,2,0
3.236436126632522,60,5,0
2.2022453522455807,94,1,0
2.168213612229995,74,4,0
3.40193826291824,82,5,1
2.145526012728387,87,2,0
3.6437201185807124,90,2,0
3.4124844543129926,57,3,0
2.1626975612837995,60,5,0
2.169675428170384,71,3,0
3.973279157002351,100,1,0
2.7485415915122404,73,5,0
2.7412842941337816,90,1,0
3.625599134515005,66,3,0
3.894497154767717,61,5,0
3.972002127645742,95,3,0
3.5067563705178832,81,5,1
2.7525191710618317,64,3,0
2.1670014333973375,65,2,0
3.5542938318548734,71,3,0
3.11680849947161,77,2,0
2.848444018493953,69,3,0
3.812708770189472,82,5,1
2.2223949646123025,59,5,0
2.9852502085817183,89,5,0
2.0227072895348384,81,4,0
2.9373212839882523,99,1,0
2.1126065513636747,82,5,0
2.237635832536144,51,2,0
2.2350524935542095,82,5,0
3.298420604232127,82,4,1
3.4920897585308466,90,2,0
3.166737530194319,62,4,0
3.924345096949084,79,2,0
2.7497411590474083,82,3,0
2.5714241725637215,62,1,0
3.7371982563789206,75,1,0
2.447191677038905,71,4,0
3.9264450788812226,88,1,0
2.0243089493796327,51,4,0
3.939757653415278,87,4,1
2.0863198239011522,88,4,0
3.782286227396142,75,1,0
3.0554022181726,95,4,1
3.985929592238601,99,1,0
2.1475931294707977,64,4,0
3.1077085688026416,83,5,1
3.938605071238198,91,4,1
3.0461956883402976,93,2,0
3.258797276270525,98,4,1
3.3914973779692343,89,3,0
2.9090821295355465,60,4,0
3.255116160168127,52,2,0
3.1686286238462005,55,2,0
3.802316020981978,58,1,0
2.090892760682916,55,5,0
2.5619263791844604,58,4,0
3.9008229681531175,88,1,0
3.7805275677818324,80,5,1
2.911313505571426,81,4,0
3.2402651956030732,90,3,0
2.554762365962265,99,4,0
2.3762423194475226,61,2,0
2.9273968098799643,57,2,0
2.7067044560521056,57,3,0
3.167312223701744,99,1,0
2.1554692739299695,77,5,0
3.948789615332333,69,4,0
3.9724214889592058,96,2,0
3.3963234280394903,56,1,0
3.072192732688241,60,3,0
2.6190552325726557,69,2,0
3.6275900394138976,65,3,0
3.3694623451077588,53,4,0
2.3252338786897826,55,5,0
3.821854368987685,71,2,0
3.645074485846338,75,2,0
3.899599826583848,52,4,0
3.45143901677672,90,1,0
3.2268303918715797,91,5,1
2.8364860725812377,63,2,0
3.8654569667080265,60,5,0
3.732127779000817,67,2,0
2.090437340212379,61,5,0
2.0527339489945042,72,3,0
2.752926733756099,61,2,0
3.621106661563666,62,5,0
3.974552258629889,74,1,0
2.3008337822070564,94,3,0
3.1882614307042703,100,3,0
2.7617817132620432,68,1,0
3.9398287956292064,95,5,1
3.6842378462714174,85,4,1
3.6766574094222757,94,1,0
2.9373863195899403,57,5,0
2.8296390046753306,78,1,0
2.5468141438614125,81,1,0
2.1127509933018542,100,2,0
3.7294447525101067,93,5,1
3.6258020182601554,67,4,0
3.999435346572261,55,2,0
3.9932736741478108,67,1,0
3.110863411205255,68,1,0
3.537974830361021,71,1,0
3.8895314597648563,86,5,1
3.6992947813548227,81,5,1
2.494696203486395,90,2,0
2.9010882706201873,52,4,0
2.25831883030299,77,2,0
3.9081020545174447,59,3,0
3.21234926890176,100,1,0
2.4572856110069257,84,1,0
3.3434013688117137,78,1,0
3.2362564809157917,64,2,0
2.7163254360656808,82,2,0
2.227115184399258,56,1,0
3.3431463911855994,61,2,0
3.0406154018075866,98,5,1
3.5446367834712786,79,5,1
3.0403270022239868,70,2,0
3.7043630006370805,80,1,0
3.1038136775489713,73,2,0
3.1218759430707728,69,2,0
3.7533072053166903,86,2,0
2.806965732424794,53,3,0
2.2680304569012817,77,5,0
2.057565352626678,93,4,0
3.5102745113472382,69,4,0
3.2406191027069293,73,3,0
3.408159536198447,99,2,0
2.4259283230178212,98,3,0
2.2727429511735395,100,3,0
2.029089331335764,81,1,0
2.701175117613194,90,5,0
3.179835373709266,85,4,1
2.7844880901994644,83,2,0
2.874949844047458,85,4,0
3.808317388987497,51,4,0
2.696510934046601,64,5,0
3.027978978319622,83,4,1
3.567306025482286,85,4,1
2.7930855646425403,55,3,0
3.2441734004557468,88,5,1
3.72472741749349,91,1,0
3.8990412473152842,100,2,0
2.294146961858076,100,4,0
3.853175250322989,61,2,0
2.9842325861590764,52,1,0
2.5164887765979165,94,2,0
2.9182715124765224,67,1,0
3.960065150570954,89,3,0
2.9852361879857394,70,4,0
2.657503220575016,64,1,0
3.2668017086334515,82,2,0
2.4802912375563864,84,4,0
2.1517266562173276,75,3,0
2.2577594438212985,57,4,0
2.2560916779155447,85,1,0
2.303805387024589,97,3,0
2.2776543452988203,79,2,0
3.281749489606429,72,3,0
2.3637601687982897,91,3,0
2.6913345666477264,93,5,0
3.7935768198120234,63,3,0
2.9479232805257447,63,3,0
3.3351154770420544,51,4,0
2.3446397424032597,86,2,0
2.3845780376173416,54,4,0
2.0817372325329577,87,4,0
2.3378701261443293,94,1,0
2.5571806780639172,90,4,0
2.3540209685534936,96,5,0
2.177405067514111,63,5,0
2.2412717422012016,88,1,0
2.9215575360654515,74,2,0
2.412667436811585,69,2,0
2.728539722096151,51,4,0
3.006834541709714,88,4,1
3.3807896572587306,55,4,0
2.078624279682198,66,2,0
3.5988207978180853,74,3,0
3.2558007789818157,77,5,1
2.163518063897744,51,3,0
3.7471572482135542,84,3,0
3.8417448010636264,86,2,0
2.1221559197097273,54,3,0
2.5537552962944075,50,1,0
3.6124025595861227,89,4,1
3.4965193807673165,61,1,0
2.3690420387127546,85,5,0
2.4186986466734206,94,4,0
2.740944205582764,72,3,0
2.9690459703820427,96,5,0
3.236509543060592,80,4,1
2.7378272791395446,60,3,0
2.925069432266296,59,1,0
3.494941876267513,52,4,0
2.073366405781196,63,3,0
2.5048738886880413,65,1,0
3.426699171769105,59,5,0
3.7904136753743987,78,5,1
3.023354884231332,59,5,0
3.0642269705306315,61,5,0
2.214344022679552,79,2,0
2.8948247336469093,90,4,0
3.065234532910046,50,4,0
2.4849410072694593,54,2,0
2.5384864618987617,69,3,0
2.7545683262092453,57,3,0
2.0401423955554527,92,5,0
2.6441583311663566,61,1,0
2.422896013993089,50,3,0
2.654994704355829,69,1,0
2.2395242636385024,77,4,0
3.78105456147979,92,1,0
3.1871849071080973,86,4,1
3.358204638288979,96,2,0
3.578342477214677,86,2,0
2.9968843978581146,61,5,0
2.1738405761748476,86,3,0
3.074213083637096,98,5,1
3.173682236041758,98,4,1
3.49087894836866,93,5,1
2.863319092459359,77,1,0
2.2551606055911275,96,4,0
2.5675518115974487,64,2,0
2.72616459279727,55,3,0
3.2918344826632024,93,4,1
3.1415566093378238,69,4,0
2.7121934517956925,99,1,0
3.9730304975859596,63,3,0
3.211549638713774,51,2,0
2.474453583471989,58,4,0
2.2035649452408075,86,4,0
2.305718278368664,69,1,0
2.491915456769016,75,5,0
2.321362746519111,78,2,0
2.3731340481026115,50,3,0
2.570190337387694,84,4,0
2.3467471905895096,55,4,0
3.7935308492528503,86,2,0
2.1604674913232844,54,5,0
3.0490227791405093,82,4,1
2.8207936539793232,98,2,0
3.964757233817213,100,1,0
2.2240778043361047,63,5,0
2.7957111980914835,61,3,0
3.9389408665507375,91,4,1
3.7310142517879603,69,2,0
3.6341441418985596,99,1,0
2.5158056540898794,73,3,0
2.341775174780132,92,2,0
3.337286439848862,83,2,0
3.858751978255172,74,3,0
3.11352578602786,99,1,0
3.1432253789397997,78,1,0
2.5599581873205683,88,5,0
3.538985866383874,80,4,1
2.3740874971150467,96,3,0
2.647358472808487,92,3,0
2.850872877232834,99,3,0
3.01522075736891,72,1,0
2.4848194648301605,93,4,0
2.229673649478407,87,5,0
3.221240084883265,69,2,0
2.5772611064805115,72,2,0
3.1624764428452243,94,3,0
2.308725430548405,65,4,0
2.9622802037096347,99,1,0
3.0651788651031717,91,4,1
2.103647073644854,57,4,0
2.6732085563878414,99,1,0
2.2688293538779485,70,3,0
2.1267499409455355,50,4,0
3.9799204647798905,57,2,0
2.644707689949446,78,1,0
3.6197488917092695,81,5,1
2.5092813095275277,87,3,0
3.3630054444478583,54,1,0
3.520455719779373,96,5,1
3.1912774812156885,71,5,0
2.9431523771003167,96,4,0
2.823681828294537,83,4,0
2.6977365330859904,50,4,0
3.8590582884956515,75,1,0
3.6612388155754583,92,1,0
3.930053821333025,59,3,0
2.2485944469710892,79,4,0
3.4617349504072887,99,5,1
3.8766809136420757,67,2,0
2.3624661323313205,66,3,0
2.132992534733555,75,1,0
3.482241298580118,57,3,0
3.148946226359824,96,3,0
3.683657553516544,89,3,0
2.279544753252579,98,3,0
3.5905346237197806,61,2,0
2.403254640095489,76,4,0
2.327311885731409,57,5,0
2.328531595861986,74,3,0
3.629149440462764,95,3,0
3.3303944413924,53,3,0
3.0461308495382386,82,4,1
2.7176609682470048,50,1,0
3.7544010816262166,68,1,0
2.7848902148452708,80,2,0
3.633198878943154,65,1,0
2.8782698171404366,63,3,0
2.753888858849815,97,3,0
2.9253595713392126,54,3,0
2.602755748328284,90,2,0
3.4952187603525022,75,3,0
3.0054407801849585,77,1,0
2.4644253902936346,51,4,0
3.799149146549137,99,4,1
2.767782442746423,55,5,0
3.087105722227977,58,1,0
3.8129442219290937,82,3,0
3.248475991827984,90,4,1
2.2337960814167284,74,1,0
3.87966424722695,97,4,1
3.2554161061428357,62,3,0
2.6698112293141723,58,4,0
2.2785441453267747,62,5,0
3.5880503785405917,80,5,1
3.240145511857027,90,4,1
3.0669221839526433,60,1,0
3.7877851661019153,53,1,0
3.5771944224490615,83,1,0
2.3033497594655024,87,4,0
2.6234441355910967,95,1,0
2.4969782796289315,53,3,0
3.487892585145354,87,5,1
2.067064869471559,68,3,0
3.139779369742633,55,1,0
3.524917371481381,83,3,0
3.7535312735234987,67,1,0
2.6841634974318147,62,4,0
3.6425146093440257,90,3,0
2.2212634739104145,72,4,0
3.692904583469036,68,4,0
2.254977324663965,94,2,0
2.7945745811207345,60,1,0
3.5945907315591072,50,5,0
2.2998348546975476,73,1,0
2.4585027904652828,56,5,0
3.4445051367861326,74,1,0
3.4400730730921487,70,4,0
3.2822952657705944,64,3,0
3.3878968889342,50,3,0
3.0854488866951923,61,2,0
2.5035981178139055,56,5,0
2.691391987007839,64,5,0
2.3631954336028516,70,5,0
3.8169011226672565,68,4,0
3.166783589532241,78,5,1
2.80170283352728,74,3,0
2.924011607288265,82,4,0
3.8945666792236304,98,1,0
2.3067028062321606,81,5,0
3.1724596640335943,98,5,1
3.011777357768932,84,1,0
3.222908470869296,93,5,1
2.036220367641681,87,1,0
3.744247817888303,75,4,1
3.864236564967225,60,3,0
3.130266367178418,84,1,0
3.3933016477537845,57,2,0
3.8449987623545914,95,1,0
3.414477268626797,63,5,0
2.305078085828523,59,4,0
3.1525767203336263,51,4,0
3.213430092765712,95,1,0
2.848261342604772,58,3,0
3.472888471249446,52,2,0
3.8687340295380297,70,4,0
3.8511370258135527,75,5,1
2.901678742808264,57,5,0
2.2264760916815103,97,3,0
3.969682397924669,51,4,0
3.677796172891868,55,1,0
2.249325362406534,77,5,0
3.8416837652347446,78,3,0
3.7397927241242566,75,4,1
3.037676114252144,74,4,0
3.1825508714898585,61,4,0
2.7980054077402605,54,4,0
2.1095232776440627,83,4,0
2.670394483291802,97,5,0
3.605706897196023,86,3,0
2.0092640460092057,64,4,0
2.6669983433822884,93,2,0
2.796337387181887,85,2,0
3.0747912058758455,64,3,0
3.839711232825521,92,1,0
2.6926919887319225,97,1,0
2.6939064037924556,72,1,0
3.4750024962194965,55,2,0
2.904435881779614,95,1,0
2.449209645879964,99,5,0
2.904879032265387,93,4,0
2.2817140407595997,92,2,0
2.3527739730124466,94,3,0
2.9967355454789595,70,3,0
2.837850899009096,72,4,0
3.8296918021362,92,2,0
2.7247877982332662,65,1,0
3.161176700556087,96,1,0
3.2645285758390608,64,5,0
2.026188913176667,74,5,0
3.327074744033421,85,1,0
2.3560719337395026,60,3,0
3.92214063493891,100,3,0
2.297325455506226,64,5,0
2.8292482474540472,53,4,0
2.1706993361572877,70,1,0
3.9937485036918945,62,5,0
3.004390020662485,71,5,0
3.190770034640088,68,1,0
2.134152954776855,83,1,0
3.4999209407983556,63,3,0
2.4198111861911715,53,4,0
3.7961085788814275,97,4,1
2.4102792809640143,95,1,0
2.381375441327333,76,2,0
2.07309933569619,78,5,0
2.9441338902199985,96,5,0
3.129682266525233,77,1,0
2.1314172788567047,84,2,0
3.551055233390021,57,3,0
2.9065776694960554,65,1,0
3.0487805386551603,91,1,0
2.881525493876456,85,5,0
2.801526121750652,79,1,0
3.1192806626164358,67,1,0
2.310480491861425,51,1,0
2.3638562609905422,98,5,0
3.7235712420270346,62,3,0
3.8922309242672655,53,3,0
2.746618632559506,75,1,0
2.5414893462871078,74,5,0
3.2879990864780315,79,3,0
2.817468342196193,60,3,0
2.0507727113206897,56,3,0
2.3123051947323807,80,5,0
3.431944457694795,93,5,1
3.3178478838203027,59,1,0
2.054191985006967,88,4,0
2.4439443238658987,62,3,0
2.462149593176143,80,4,0
3.343785487197457,56,5,0
2.039421075508728,98,5,0
2.208217163969148,91,5,0
3.599832170746379,91,4,1
2.3570893241086672,85,5,0
3.305492215703749,69,1,0
2.476365562093453,53,5,0
2.1988827855186903,56,2,0
2.486344381998908,50,4,0
3.4445338637113183,93,2,0
3.7113929362125715,94,5,1
3.660439729133983,91,1,0
2.79436705923691,96,3,0
3.3361702731412923,62,5,0
2.409968590831642,71,1,0
2.5862954605220265,70,4,0
3.7926716370422398,71,2,0
2.026003847021472,77,2,0
2.171017061708936,58,2,0
2.4157725102920544,75,4,0
2.053064407747639,58,1,0
2.3628708701795946,64,4,0
3.1660831219393843,59,2,0
2.8428491011849957,73,5,0
3.7853434221539497,91,3,0
3.634887123476882,57,4,0
2.683634703395752,73,4,0
2.518846866862585,65,1,0
2.759384816334534,98,1,0
3.1805898850296153,75,4,1
2.5361272816457525,76,2,0
3.248297815698268,86,3,0
2.818823304382481,53,1,0
3.1040943617039605,99,2,0
2.8722530582706334,73,5,0
2.588931519083835,68,1,0
3.8969066139243136,85,2,0
3.5272115883195214,88,2,0
2.280226351532905,59,3,0
3.7369359517958256,74,3,0
2.9748623964990273,67,5,0
3.789104453788183,68,2,0
3.5997105118946306,85,2,0
2.8504270089384667,59,3,0
2.044938616640235,82,1,0
2.537354718769892,99,1,0
3.083268429321734,54,4,0
3.2669564396522945,96,3,0
2.515775370866405,98,4,0
2.2787121481456483,84,3,0
3.6698604735985985,93,5,1
3.9688043614071042,83,2,0
3.0513803646053717,82,5,1
2.3433585716966068,70,3,0
2.544614653038738,66,2,0
2.0367813530949332,71,1,0
3.828597613120998,97,1,0
2.2355021657802823,86,4,0
3.153032951028507,64,3,0
2.548110441374412,84,3,0
3.108356005031587,77,1,0
3.3028407767037287,56,5,0
3.659483607414403,81,2,0
2.412842543521206,60,5,0
2.0219916573169607,59,5,0
2.2737712601376145,58,1,0
3.80003728369621,63,1,0
3.7477801551250307,62,1,0
3.1948262043406164,74,4,0
3.201033720867307,51,5,0
3.330073349092511,84,3,0
2.350742557246899,56,2,0
3.8288238918499196,70,4,0
2.8375410497841465,67,3,0
2.766277056498995,52,5,0
3.037835410565675,91,1,0
2.09393193355011,88,5,0
2.332566737512159,90,2,0
3.476067232852741,98,4,1
2.165597335850253,60,4,0
3.206304218932776,88,2,0
2.490698219362642,73,3,0
2.778591228083953,95,3,0
2.5773874735413997,68,4,0
2.7113454329298983,53,4,0
3.438091810368491,75,1,0
2.5942434312463503,87,3,0
3.1328092805937944,91,2,0
2.9521008043981993,81,3,0
3.3273423307252963,88,1,0
3.873659478649516,94,4,1
3.4651441944205006,95,4,1
2.4298807571815138,85,1,0
2.0623662701225696,89,2,0
2.5245280885996504,86,4,0
3.19015586140051,82,5,1
2.1028516269685005,85,4,0
2.992732494402473,52,5,0
3.1936856978337786,58,1,0
2.668487781633922,57,1,0
3.541824407491644,82,4,1
2.2131965062675434,55,3,0
2.1502755634716175,90,5,0
3.4563775124072067,88,2,0
2.990982632412397,53,4,0
3.376804792855472,62,2,0
2.8696546772074925,98,4,0
2.4928040664782136,51,3,0
3.6382046353483997,54,3,0
3.5988317579379583,93,3,0
3.3893929417088535,76,3,0
2.544290274459925,81,1,0
3.180461333738174,70,1,0
2.7219477938800534,57,5,0
2.1831641466532683,87,2,0
3.8346271509244856,57,4,0
2.273637261837923,99,4,0
3.900474707641605,52,1,0
2.8920115459159117,93,4,0
